section_id,belt_rotation,timestamp,tag_name,probability,Bounding Box,width,height,image_path,area,area_sum
1,1,2025-01-23T14:26:17.994167,carryback,0.999252,"left=0.44367996, top=0.8386451, width=0.030630797, height=0.016361058",19.60371008,10.47107712,Section1_1.png,205.27196008580137,205.27196008580137
1,1,2025-01-23T14:26:19.182101,carryback,0.9998827,"left=0.42041406, top=0.8580867, width=0.045447618, height=0.023364544",29.08647552,14.95330816,Section1_10.png,434.9390317388563,640.2109918246576
1,1,2025-01-23T14:26:20.565380,carryback,0.999874,"left=0.47480607, top=0.58233505, width=0.046661735, height=0.02420044",29.863510400000003,15.4882816,Section1_11.png,462.5344586397287,1102.7454504643863
1,2,2025-01-23T14:26:21.481326,carryback,0.9999051,"left=0.47492474, top=0.56884706, width=0.04727888, height=0.024481297",30.2584832,15.66803008,Section1_12.png,474.09082495277465,474.09082495277465
1,2,2025-01-23T14:26:22.982863,carryback,0.99990535,"left=0.47474194, top=0.5390511, width=0.0473361, height=0.02718407",30.295104,17.3978048,Section1_13.png,527.0683057876992,1001.1591307404738
1,2,2025-01-23T14:26:23.859770,carryback,0.9999199,"left=0.5094887, top=0.23669896, width=0.049633503, height=0.028012842",31.76544192,17.92821888,Section1_14.png,569.4977955616874,1570.656926302161
1,3,2025-01-23T14:26:25.373866,carryback,0.9999385,"left=0.4739475, top=0.63799536, width=0.049468845, height=0.030234396",31.660060799999997,19.35001344,Section1_15.png,612.6226019912172,612.6226019912172
1,3,2025-01-23T14:26:25.860992,carryback,0.9999201,"left=0.43188256, top=0.90212387, width=0.054338366, height=0.031900764",34.776554239999996,20.41648896,Section1_16.png,710.015135707801,1322.637737699018
1,3,2025-01-23T14:26:26.796012,carryback,0.9999393,"left=0.453423, top=0.65609664, width=0.052824467, height=0.02995956",33.80765888,19.1741184,Section1_17.png,648.2320541919314,1970.8697918909495
1,4,2025-01-23T14:26:28.264185,carryback,0.99995077,"left=0.4847726, top=0.4536653, width=0.053513497, height=0.029199898",34.24863808,18.687934719999998,Section1_18.png,640.0363126879461,640.0363126879461
1,4,2025-01-23T14:26:29.846953,carryback,0.99992454,"left=0.439564, top=0.8377108, width=0.054718077, height=0.030261993",35.01956928,19.36767552,Section1_19.png,678.2476546652,1318.2839673531462
1,4,2025-01-23T14:26:38.149580,carryback,0.99960774,"left=0.45959336, top=0.7294919, width=0.032253265, height=0.017525017",20.642089600000002,11.21601088,Section1_2.png,231.5219015395349,1549.805868892681
1,5,2025-01-23T14:26:38.909372,carryback,0.9999311,"left=0.45831, top=0.6469013, width=0.060836494, height=0.031728983",38.93535616,20.30654912,Section1_20.png,790.6427223677346,790.6427223677346
1,5,2025-01-23T14:26:39.621827,carryback,0.9999505,"left=0.47975445, top=0.44753128, width=0.060458064, height=0.03062889",38.69316096,19.6024896,Section1_21.png,758.482285309526,1549.1250076772606
1,5,2025-01-23T14:26:41.254814,carryback,0.9999515,"left=0.46029428, top=0.6150064, width=0.05979958, height=0.03273338",38.2717312,20.9493632,Section1_22.png,801.7683972015718,2350.8934048788324
1,6,2025-01-23T14:26:42.049609,carryback,0.9999243,"left=0.40953445, top=0.9183972, width=0.060334712, height=0.03305024",38.61421568,21.152153600000002,Section1_23.png,816.7738212068886,816.7738212068886
1,6,2025-01-23T14:26:42.635836,carryback,0.99993527,"left=0.43903133, top=0.7808522, width=0.058686614, height=0.03338301",37.559432959999995,21.365126399999998,Section1_24.png,802.462032702726,1619.2358539096144
1,6,2025-01-23T14:26:43.495502,carryback,0.9999571,"left=0.5029736, top=0.22457118, width=0.061277807, height=0.033864096",39.21779648,21.673021440000003,Section1_25.png,849.9681439405966,2469.203997850211
1,7,2025-01-23T14:26:44.393179,carryback,0.9999181,"left=0.40560016, top=0.9608296, width=0.0661912, height=0.036114514",42.362368000000004,23.11328896,Section1_26.png,979.1336526138573,979.1336526138573
1,7,2025-01-23T14:26:45.142390,carryback,0.99994576,"left=0.45298058, top=0.66629386, width=0.060117483, height=0.034983397",38.475189119999996,22.38937408,Section1_27.png,861.4354020064259,1840.5690546202832
1,7,2025-01-23T14:26:45.995312,carryback,0.9999417,"left=0.43386418, top=0.80052084, width=0.059088677, height=0.03525406",37.81675328,22.5625984,Section1_28.png,853.2442170485227,2693.813271668806
1,8,2025-01-23T14:26:46.643921,carryback,0.9999552,"left=0.46485543, top=0.8008963, width=0.061255455, height=0.034463227",39.2034912,22.056465279999998,Section1_29.png,864.6904425075854,864.6904425075854
1,8,2025-01-23T14:26:47.792923,carryback,0.9997515,"left=0.4894728, top=0.39719185, width=0.03784561, height=0.01966232",24.2211904,12.5838848,Section1_3.png,304.7966697124659,1169.4871122200514
1,8,2025-01-23T14:26:48.471128,carryback,0.9999658,"left=0.4682559, top=0.45311585, width=0.06158802, height=0.035111755",39.4163328,22.4715232,Section1_30.png,885.7450369741209,2055.232149194172
1,9,2025-01-23T14:26:48.957401,carryback,0.99991465,"left=0.41344386, top=0.93875206, width=0.06443405, height=0.03666812",41.237792000000006,23.4675968,Section1_31.png,967.7518755782658,967.7518755782658
1,9,2025-01-23T14:26:49.538112,carryback,0.9999554,"left=0.46236295, top=0.79428726, width=0.064373374, height=0.035832345",41.198959359999996,22.9327008,Section1_32.png,944.8034082742394,1912.555283852505
1,9,2025-01-23T14:26:50.768677,carryback,0.99995124,"left=0.46248636, top=0.57931864, width=0.06966439, height=0.043019235",44.585209600000006,27.5323104,Section1_33.png,1227.53382995626,3140.089113808765
1,10,2025-01-23T14:26:51.671263,carryback,0.99994874,"left=0.4482584, top=0.7115497, width=0.06766212, height=0.037029266",43.3037568,23.69873024,Section1_34.png,1026.2440507817657,1026.2440507817657
1,10,2025-01-23T14:26:52.468775,carryback,0.9999579,"left=0.44177407, top=0.6607516, width=0.07353276, height=0.04791075",47.0609664,30.66288,Section1_35.png,1443.024765407232,2469.268816188998
1,10,2025-01-23T14:26:53.078412,carryback,0.9999708,"left=0.44405192, top=0.6472231, width=0.07561451, height=0.043845057",48.393286399999994,28.06083648,Section1_36.png,1357.9560964002076,3827.2249125892054
1,11,2025-01-23T14:26:53.678141,carryback,0.99996614,"left=0.4311278, top=0.78585327, width=0.079123974, height=0.04676664",50.63934336,29.9306496,Section1_37.png,1515.6684420822464,1515.6684420822464
1,11,2025-01-23T14:26:54.813989,carryback,0.9999708,"left=0.46655282, top=0.47854003, width=0.07964662, height=0.045787066",50.9738368,29.30372224,Section1_38.png,1493.7231550942904,3009.391597176537
1,11,2025-01-23T14:26:55.566245,carryback,0.9999738,"left=0.42080456, top=0.7688814, width=0.08135635, height=0.046420455",52.06806399999999,29.7090912,Section1_39.png,1546.8948619834366,4556.286459159974
1,12,2025-01-23T14:26:56.479106,carryback,0.9996239,"left=0.43961635, top=0.66583776, width=0.037582546, height=0.019537508",24.05282944,12.504005119999999,Section1_4.png,300.7567024682467,300.7567024682467
1,12,2025-01-23T14:26:56.998881,carryback,0.9999685,"left=0.49623042, top=0.16494755, width=0.08415955, height=0.04741466",53.862111999999996,30.3453824,Section1_40.png,1634.4663855116287,1935.2230879798753
1,12,2025-01-23T14:26:57.872070,carryback,0.99996066,"left=0.4103432, top=0.8258204, width=0.08155739, height=0.04756075",52.1967296,30.438879999999997,Section1_41.png,1588.8099886868479,3524.033076666723
1,13,2025-01-23T14:26:58.363369,carryback,0.99997354,"left=0.4565984, top=0.5117639, width=0.08372736, height=0.048059464",53.585510400000004,30.75805696,Section1_42.png,1648.1861811138726,1648.1861811138726
1,13,2025-01-23T14:26:59.275920,carryback,0.99996436,"left=0.5075946, top=0.16017817, width=0.086848795, height=0.047777668",55.5832288,30.57770752,Section1_43.png,1699.6077132636406,3347.7938943775134
1,13,2025-01-23T14:26:59.975816,carryback,0.9999647,"left=0.4091189, top=0.8762035, width=0.089113235, height=0.04875362",57.0324704,31.2023168,Section1_44.png,1779.5452093074227,5127.339103684936
1,14,2025-01-23T14:27:00.560827,carryback,0.9999782,"left=0.43507206, top=0.71609205, width=0.08884859, height=0.051233828",56.8630976,32.78964992,Section1_45.png,1864.5210636707925,1864.5210636707925
1,14,2025-01-23T14:27:01.313905,carryback,0.99997616,"left=0.4444092, top=0.60518473, width=0.09221691, height=0.052388728",59.0188224,33.528785920000004,Section1_46.png,1978.8294615001007,3843.350525170893
1,14,2025-01-23T14:27:02.291389,carryback,0.9999403,"left=0.51343405, top=0.09061391, width=0.09501952, height=0.05586063",60.8124928,35.7508032,Section1_47.png,2174.095462194217,6017.44598736511
1,15,2025-01-23T14:27:02.888913,carryback,0.9999703,"left=0.40987536, top=0.84455, width=0.096580416, height=0.05588913",61.81146624,35.7690432,Section1_48.png,2210.9370061939017,2210.9370061939017
1,15,2025-01-23T14:27:03.462570,carryback,0.9999635,"left=0.39235237, top=0.9131423, width=0.096793056, height=0.058036506",61.94755584,37.14336384,Section1_49.png,2300.940605563837,4511.877611757738
1,15,2025-01-23T14:27:04.377914,carryback,0.99956316,"left=0.45369694, top=0.81550276, width=0.037817627, height=0.020700574",24.20328128,13.24836736,Section1_5.png,320.653961714851,4832.531573472589
1,16,2025-01-23T14:27:05.349950,carryback,0.9999728,"left=0.44439423, top=0.48169002, width=0.100360334, height=0.054501563",64.23061376,34.88100032,Section1_50.png,2240.428059116356,2240.428059116356
1,16,2025-01-23T14:27:06.275097,carryback,0.9997043,"left=0.45015964, top=0.6845911, width=0.04019937, height=0.021388292",25.7275968,13.68850688,Section1_6.png,352.172385802666,2592.6004449190223
1,16,2025-01-23T14:27:06.876096,carryback,0.99984264,"left=0.44975898, top=0.6634916, width=0.04098597, height=0.023637831",26.231020799999996,15.12821184,Section1_7.png,396.8284394418462,2989.4288843608683
1,17,2025-01-23T14:27:07.808332,carryback,0.9998599,"left=0.4828492, top=0.66265905, width=0.04263988, height=0.02459824",27.289523199999998,15.7428736,Section1_8.png,429.6155143418675,429.6155143418675
1,17,2025-01-23T14:27:08.544798,carryback,0.9999021,"left=0.51641005, top=0.25846496, width=0.043557107, height=0.024577856",27.876548479999997,15.729827839999999,Section1_9.png,438.4933083638136,868.1088227056811
2,1,2025-01-23T14:27:09.447438,carryback,0.99997187,"left=0.69450045, top=0.8999075, width=0.07726669, height=0.037208736",49.450681599999996,23.81359104,Section2_1.png,1177.5983082716527,1177.5983082716527
2,1,2025-01-23T14:27:10.357777,carryback,0.99996483,"left=0.59268475, top=0.11899235, width=0.09649885, height=0.04171268",61.759264,26.6961152,Section2_10.png,1648.7324264112128,2826.3307346828656
2,1,2025-01-23T14:27:10.960157,carryback,0.99995244,"left=0.65778524, top=0.9449601, width=0.09798449, height=0.035787165",62.710073599999994,22.903785600000003,Section2_11.png,1436.2980806946202,4262.628815377486
2,2,2025-01-23T14:27:11.780625,carryback,0.99998164,"left=0.6485683, top=0.7643147, width=0.097991765, height=0.03704089",62.7147296,23.7061696,Section2_12.png,1486.72601631574,1486.72601631574
2,2,2025-01-23T14:27:12.677705,carryback,0.9999819,"left=0.6304111, top=0.45000088, width=0.096402705, height=0.037038177",61.69773120000001,23.70443328,Section2_13.png,1462.5097527577745,2949.2357690735143
2,2,2025-01-23T14:27:13.358978,carryback,0.9999815,"left=0.626864, top=0.45007983, width=0.10342944, height=0.036929727",66.1948416,23.63502528,Section2_14.png,1564.5167546215957,4513.75252369511
2,3,2025-01-23T14:27:14.053571,carryback,0.9999553,"left=0.59378713, top=0.062324066, width=0.10026437, height=0.039836448",64.16919680000001,25.49532672,Section2_15.png,1636.0146377759788,1636.0146377759788
2,3,2025-01-23T14:27:14.871920,carryback,0.99998355,"left=0.63152814, top=0.8133983, width=0.10898441, height=0.036139667",69.7500224,23.12938688,Section2_16.png,1613.275252978266,3249.289890754245
2,3,2025-01-23T14:27:15.389359,carryback,0.9999746,"left=0.6209851, top=0.60429525, width=0.107218504, height=0.03690529",68.61984256000001,23.6193856,Section2_17.png,1620.7585212359315,4870.048411990177
2,4,2025-01-23T14:27:16.001705,carryback,0.99998224,"left=0.61657214, top=0.4285618, width=0.106557846, height=0.03631136",68.19702144,23.239270400000002,Section2_18.png,1584.8490217187575,1584.8490217187575
2,4,2025-01-23T14:27:16.620325,carryback,0.99997294,"left=0.6533847, top=0.9177935, width=0.12937576, height=0.037896097",82.80048640000001,24.253502079999997,Section2_19.png,2008.2017691274118,3593.0507908461695
2,4,2025-01-23T14:27:17.341879,carryback,0.9999652,"left=0.6822081, top=0.89964956, width=0.07758361, height=0.0368039",49.6535104,23.554496,Section2_2.png,1169.5634121027585,4762.614202948928
2,5,2025-01-23T14:27:18.268408,carryback,0.99998355,"left=0.61960596, top=0.6954406, width=0.15028006, height=0.035259724",96.1792384,22.56622336,Section2_20.png,2170.402176329089,2170.402176329089
2,5,2025-01-23T14:27:19.251977,carryback,0.99998367,"left=0.59257454, top=0.44226715, width=0.14881104, height=0.03542459",95.2390656,22.6717376,Section2_21.png,2159.2351045523865,4329.637280881476
2,5,2025-01-23T14:27:19.966859,carryback,0.9999584,"left=0.5909707, top=0.06817167, width=0.092387855, height=0.039086573",59.128227200000005,25.01540672,Section2_22.png,1479.116652040567,5808.753932922043
2,6,2025-01-23T14:27:20.857518,carryback,0.9999776,"left=0.6426411, top=0.9276979, width=0.14331329, height=0.03737533",91.72050560000001,23.920211199999997,Section2_23.png,2193.973865322783,2193.973865322783
2,6,2025-01-23T14:27:21.694112,carryback,0.99998367,"left=0.6061256, top=0.54575735, width=0.14208704, height=0.03625995",90.9357056,23.206367999999998,Section2_24.png,2110.287448493261,4304.261313816043
2,6,2025-01-23T14:27:22.293210,carryback,0.9999491,"left=0.5931063, top=0.02470987, width=0.08670378, height=0.03868639",55.4904192,24.759289600000002,Section2_25.png,1373.9033589982005,5678.164672814244
2,7,2025-01-23T14:27:23.185669,carryback,0.99999344,"left=0.6234562, top=0.8824122, width=0.19595611, height=0.048651397",125.4119104,31.136894079999998,Section2_26.png,3904.93737049525,3904.93737049525
2,7,2025-01-23T14:27:23.186222,carryback,0.9999659,"left=0.3829541, top=0.81425196, width=0.08790749, height=0.03022319",56.2607936,19.3428416,Section2_26.png,1088.2436188950937,4993.180989390344
2,7,2025-01-23T14:27:24.173803,carryback,0.999967,"left=0.43664542, top=0.5057077, width=0.086268395, height=0.03222394",55.2117728,20.6233216,Section2_27.png,1138.6501465605324,6131.831135950876
2,7,2025-01-23T14:27:24.174339,carryback,0.99974686,"left=0.64445704, top=0.9753993, width=0.19140941, height=0.024600685",122.5020224,15.7444384,Section2_27.png,1928.7255455522202,8060.556681503096
2,7,2025-01-23T14:27:25.091438,carryback,0.9999888,"left=0.61666757, top=0.8539401, width=0.1960622, height=0.049185634",125.47980799999999,31.47880576,Section2_28.png,3949.954502834094,12010.51118433719
2,7,2025-01-23T14:27:25.092046,carryback,0.9999764,"left=0.4286951, top=0.48095974, width=0.10735032, height=0.036245435",68.7042048,23.1970784,Section2_28.png,1593.7368251552562,13604.248009492447
2,8,2025-01-23T14:27:25.931117,carryback,0.99997663,"left=0.60359085, top=0.78660196, width=0.19792694, height=0.047032773",126.6732416,30.10097472,Section2_29.png,3812.9880431020524,3812.9880431020524
2,8,2025-01-23T14:27:25.931610,carryback,0.9999695,"left=0.31404063, top=0.9664977, width=0.109161764, height=0.03350228",69.86352896,21.4414592,Section2_29.png,1497.9760057638584,5310.964048865911
2,8,2025-01-23T14:27:26.536453,carryback,0.999972,"left=0.6706536, top=0.9000956, width=0.0794754, height=0.03721255",50.864256,23.816032,Section2_3.png,1211.384748552192,6522.348797418103
2,8,2025-01-23T14:27:27.565067,carryback,0.99997044,"left=0.34961343, top=0.7948249, width=0.11143568, height=0.034056723",71.3188352,21.79630272,Section2_30.png,1554.4869216569916,8076.835719075094
2,8,2025-01-23T14:27:27.565549,carryback,0.99993944,"left=0.5831915, top=0.012966336, width=0.09418619, height=0.037212104",60.2791616,23.81574656,Section2_30.png,1435.593235514884,9512.428954589977
2,9,2025-01-23T14:27:28.186885,carryback,0.9999813,"left=0.376605, top=0.6636473, width=0.10948905, height=0.035228908",70.072992,22.546501120000002,Section2_31.png,1579.900792609751,1579.900792609751
2,9,2025-01-23T14:27:28.187405,carryback,0.99996233,"left=0.5995789, top=0.06976743, width=0.09708774, height=0.038206033",62.1361536,24.45186112,Section2_31.png,1519.344598358188,3099.245390967939
2,9,2025-01-23T14:27:28.906527,carryback,0.99997795,"left=0.63883865, top=0.95455605, width=0.20601743, height=0.045443952",131.8511552,29.084129280000003,Section2_32.png,3834.7760435541445,6934.021434522083
2,9,2025-01-23T14:27:28.907020,carryback,0.999938,"left=0.4977973, top=0.103140876, width=0.0785563, height=0.026521996",50.276032,16.97407744,Section2_32.png,853.389260543918,7787.410695066001
2,9,2025-01-23T14:27:28.907263,carryback,0.59521085,"left=0.64506805, top=0.94506747, width=0.22641098, height=0.054932535",144.9030272,35.156822399999996,Section2_32.png,5094.329992492769,12881.74068755877
2,9,2025-01-23T14:27:29.857992,carryback,0.999992,"left=0.618677, top=0.6863731, width=0.19691789, height=0.0499025",126.02744960000001,31.937600000000003,Section2_33.png,4025.014274344961,16906.75496190373
2,9,2025-01-23T14:27:29.858561,carryback,0.99996793,"left=0.42488137, top=0.511561, width=0.0801954, height=0.02660054",51.325056000000004,17.0243456,Section2_33.png,873.7754912833536,17780.530453187086
2,9,2025-01-23T14:27:29.858832,carryback,0.99995387,"left=0.64584076, top=0.32488295, width=0.06893659, height=0.044912815",44.119417600000006,28.7442016,Section2_33.png,1268.1774339689882,19048.707887156073
2,10,2025-01-23T14:27:30.578626,carryback,0.99994886,"left=0.49673542, top=0.12769295, width=0.07997587, height=0.032624826",51.1845568,20.87988864,Section2_34.png,1068.7278460717548,1068.7278460717548
2,10,2025-01-23T14:27:30.579207,carryback,0.9998951,"left=0.6872535, top=0.89474887, width=0.07032257, height=0.05165863",45.0064448,33.061523199999996,Section2_34.png,1487.9816189047192,2556.709464976474
2,10,2025-01-23T14:27:31.666676,carryback,0.9999813,"left=0.62634546, top=0.9351491, width=0.19967568, height=0.056310713",127.7924352,36.03885632,Section2_35.png,4605.49321095571,7162.202675932184
2,10,2025-01-23T14:27:31.667174,carryback,0.9999548,"left=0.6492355, top=0.38097194, width=0.06796402, height=0.0477086",43.4969728,30.533503999999997,Section2_35.png,1328.1149929766912,8490.317668908876
2,10,2025-01-23T14:27:31.667409,carryback,0.9998591,"left=0.5314706, top=0.053964388, width=0.06533229, height=0.02906109",41.8126656,18.5990976,Section2_35.png,777.6778484105627,9267.99551731944
2,10,2025-01-23T14:27:32.397118,carryback,0.9999907,"left=0.604062, top=0.56196, width=0.19053805, height=0.04875475",121.944352,31.20304,Section2_36.png,3805.03449323008,13073.030010549519
2,10,2025-01-23T14:27:32.397667,carryback,0.99991655,"left=0.38437653, top=0.72457975, width=0.064873666, height=0.02762562",41.51914624,17.6803968,Section2_36.png,734.074980320428,13807.104990869946
2,10,2025-01-23T14:27:32.397905,carryback,0.99985886,"left=0.6422163, top=0.10777344, width=0.044467926, height=0.026280135",28.459472639999998,16.8192864,Section2_36.png,478.668021125124,14285.77301199507
2,11,2025-01-23T14:27:33.359560,carryback,0.99999213,"left=0.60637033, top=0.87146956, width=0.19449538, height=0.054305434",124.4770432,34.75547776,Section2_37.png,4326.259106568159,4326.259106568159
2,11,2025-01-23T14:27:33.360105,carryback,0.99994314,"left=0.46478856, top=0.21897505, width=0.06542742, height=0.028703451",41.8735488,18.37020864,Section2_37.png,769.2258279532217,5095.484934521381
2,11,2025-01-23T14:27:33.360354,carryback,0.9996908,"left=0.67233527, top=0.60145134, width=0.045395374, height=0.026346505",29.05303936,16.8617632,Section2_37.png,489.8854699285995,5585.37040444998
2,11,2025-01-23T14:27:34.279251,carryback,0.9999558,"left=0.61156, top=0.0977545, width=0.082356274, height=0.03934335",52.70801536,25.179744,Section2_38.png,1327.1743335128676,6912.544737962848
2,11,2025-01-23T14:27:34.279743,carryback,0.99994576,"left=0.46471947, top=0.21903983, width=0.06546682, height=0.028503984",41.898764799999995,18.24254976,Section2_38.png,764.3403017465363,7676.885039709384
2,11,2025-01-23T14:27:34.280005,carryback,0.9997136,"left=0.61827326, top=0.0045280494, width=0.039240718, height=0.022523785",25.11405952,14.415222400000001,Section2_38.png,362.0247533476373,8038.9097930570215
2,11,2025-01-23T14:27:35.181190,carryback,0.9999529,"left=0.63135767, top=0.23998109, width=0.08141601, height=0.039655417",52.106246399999996,25.37946688,Section2_39.png,1322.428754749919,9361.338547806941
2,11,2025-01-23T14:27:35.181732,carryback,0.99993896,"left=0.45640743, top=0.3192357, width=0.06534296, height=0.028415918",41.8194944,18.186187519999997,Section2_39.png,760.5371671499898,10121.875714956932
2,11,2025-01-23T14:27:35.181986,carryback,0.9997814,"left=0.632889, top=0.11955001, width=0.03957349, height=0.024461322",25.3270336,15.655246080000001,Section2_39.png,396.5009434844283,10518.37665844136
2,12,2025-01-23T14:27:35.675482,carryback,0.99997294,"left=0.6633121, top=0.71321356, width=0.08332765, height=0.035681307",53.329696,22.83603648,Section2_4.png,1217.83888332331,1217.83888332331
2,12,2025-01-23T14:27:36.559645,carryback,0.9999883,"left=0.61582434, top=0.86655563, width=0.18211931, height=0.050334454",116.55635840000001,32.214050560000004,Section2_40.png,3754.7524225870816,4972.591305910391
2,12,2025-01-23T14:27:36.560215,carryback,0.9999534,"left=0.38485205, top=0.7147336, width=0.11124644, height=0.03292173",71.1977216,21.069907200000003,Section2_40.png,1500.1293869634355,6472.720692873827
2,12,2025-01-23T14:27:36.560455,carryback,0.9998504,"left=0.65479845, top=0.2844415, width=0.053025782, height=0.026615947",33.93650048,17.03420608,Section2_40.png,578.0813428103389,7050.802035684166
2,12,2025-01-23T14:27:37.142751,carryback,0.99998736,"left=0.6394162, top=0.6577058, width=0.18397355, height=0.05187714",117.74307200000001,33.2013696,Section2_41.png,3909.2312513114116,10960.033286995578
2,12,2025-01-23T14:27:37.143295,carryback,0.9999647,"left=0.42880866, top=0.41151133, width=0.110695034, height=0.03323877",70.84482176,21.2728128,Section2_41.png,1507.0686311498466,12467.101918145425
2,12,2025-01-23T14:27:37.143532,carryback,0.9998946,"left=0.6416973, top=0.1402809, width=0.05289352, height=0.026515216",33.8518528,16.96973824,Section2_41.png,574.4570809550112,13041.558999100436
2,13,2025-01-23T14:27:37.644142,carryback,0.999962,"left=0.587676, top=0.93753356, width=0.23563343, height=0.06074661",150.8053952,38.8778304,Section2_42.png,5862.986577990574,5862.986577990574
2,13,2025-01-23T14:27:37.644670,carryback,0.9999542,"left=0.38696912, top=0.64301145, width=0.14823177, height=0.039943576",94.8683328,25.563888640000002,Section2_42.png,2425.2034951616597,8288.190073152233
2,13,2025-01-23T14:27:37.644916,carryback,0.9999136,"left=0.6464211, top=0.28924045, width=0.05288434, height=0.028592616",33.8459776,18.299274240000003,Section2_42.png,619.3568260232971,8907.54689917553
2,13,2025-01-23T14:27:38.496839,carryback,0.99998856,"left=0.6012852, top=0.6870644, width=0.22818673, height=0.062057674",146.0395072,39.71691136,Section2_43.png,5800.238162520482,14707.785061696011
2,13,2025-01-23T14:27:38.497372,carryback,0.9999715,"left=0.39804864, top=0.5065763, width=0.15092385, height=0.04173076",96.591264,26.7076864,Section2_43.png,2579.7291878916094,17287.51424958762
2,13,2025-01-23T14:27:38.497607,carryback,0.9999019,"left=0.64417696, top=0.15520924, width=0.05356443, height=0.027063206",34.281235200000005,17.32045184,Section2_43.png,593.7664832973129,17881.280732884934
2,13,2025-01-23T14:27:39.237605,carryback,0.99998534,"left=0.59161305, top=0.5551342, width=0.22912705, height=0.05873847",146.641312,37.5926208,Section2_44.png,5512.63123563049,23393.911968515422
2,13,2025-01-23T14:27:39.238117,carryback,0.99997795,"left=0.4192002, top=0.3758931, width=0.14325228, height=0.040258795",91.6814592,25.7656288,Section2_44.png,2362.230445589545,25756.14241410497
2,13,2025-01-23T14:27:39.238356,carryback,0.9999161,"left=0.6057017, top=0.019907746, width=0.054547846, height=0.027886495",34.91062144,17.8473568,Section2_44.png,623.0623169494098,26379.20473105438
2,14,2025-01-23T14:27:39.849766,carryback,0.99997616,"left=0.5883142, top=0.66922045, width=0.22959107, height=0.06165707",146.93828480000002,39.4605248,Section2_45.png,5798.261831419864,5798.261831419864
2,14,2025-01-23T14:27:39.850331,carryback,0.9999676,"left=0.63929456, top=0.37671772, width=0.09539288, height=0.040610433",61.0514432,25.99067712,Section2_45.png,1586.7683479212196,7385.030179341084
2,14,2025-01-23T14:27:39.850605,carryback,0.9999536,"left=0.39564887, top=0.59149456, width=0.14684054, height=0.039032698",93.9779456,24.98092672,Section2_45.png,2347.6561723297464,9732.686351670829
2,14,2025-01-23T14:27:40.760108,carryback,0.9999764,"left=0.39747444, top=0.6959201, width=0.14701447, height=0.040305912",94.0892608,25.79578368,Section2_46.png,2427.106218207904,12159.792569878733
2,14,2025-01-23T14:27:40.760652,carryback,0.9999739,"left=0.64068013, top=0.9355133, width=0.23383945, height=0.062105834",149.657248,39.74773376,Section2_46.png,5948.536448758293,18108.329018637025
2,14,2025-01-23T14:27:40.760890,carryback,0.99993443,"left=0.67271906, top=0.5191299, width=0.09297633, height=0.044099927",59.5048512,28.223953279999996,Section2_46.png,1679.4621402021517,19787.791158839176
2,14,2025-01-23T14:27:41.331838,carryback,0.99997604,"left=0.39404574, top=0.5457644, width=0.14636436, height=0.04187411",93.6731904,26.7994304,Section2_47.png,2510.388146470748,22298.179305309925
2,14,2025-01-23T14:27:41.332367,carryback,0.9999566,"left=0.6634407, top=0.44131905, width=0.09529543, height=0.0410327",60.9890752,26.260928,Section2_47.png,1601.6297126137856,23899.80901792371
2,14,2025-01-23T14:27:41.332613,carryback,0.99995244,"left=0.5865448, top=0.78680617, width=0.11715865, height=0.06151277",74.981536,39.3681728,Section2_47.png,2951.8860660574214,26851.695083981132
2,14,2025-01-23T14:27:41.332834,carryback,0.9998957,"left=0.7266221, top=0.7892347, width=0.09616345, height=0.060826242",61.544608,38.92879488,Section2_47.png,2395.857420802007,29247.55250478314
2,15,2025-01-23T14:27:42.025275,carryback,0.9999006,"left=0.61974734, top=0.13773859, width=0.051160812, height=0.03348738",32.74291968,21.4319232,Section2_48.png,701.7437399255285,701.7437399255285
2,15,2025-01-23T14:27:42.025787,carryback,0.99989295,"left=0.52898574, top=0.059234455, width=0.061242104, height=0.021483012",39.19494656,13.749127679999999,Section2_48.png,538.8963246642168,1240.6400645897452
2,15,2025-01-23T14:27:42.026026,carryback,0.9997713,"left=0.6804272, top=0.14069128, width=0.039014578, height=0.030847162",24.96932992,19.74218368,Section2_48.png,492.9490976471597,1733.589162236905
2,15,2025-01-23T14:27:42.026242,carryback,0.9995461,"left=0.6108746, top=0.0067565287, width=0.055508018, height=0.018865524",35.52513152,12.07393536,Section2_48.png,428.92814162797856,2162.5173038648836
2,15,2025-01-23T14:27:42.611233,carryback,0.9999553,"left=0.374911, top=0.7557687, width=0.14895958, height=0.037618577",95.3341312,24.07588928,Section2_49.png,2295.2539873761934,4457.771291241077
2,15,2025-01-23T14:27:42.611752,carryback,0.9999502,"left=0.61161447, top=0.9138128, width=0.13331145, height=0.059194744",85.319328,37.88463616,Section2_49.png,3232.2916986957002,7690.062989936778
2,15,2025-01-23T14:27:42.612003,carryback,0.99986875,"left=0.64638525, top=0.48749307, width=0.094411194, height=0.026409298",60.42316416,16.901950720000002,Section2_49.png,1021.2693429787903,8711.332332915568
2,15,2025-01-23T14:27:42.612224,carryback,0.9996413,"left=0.7713524, top=0.91695726, width=0.10458541, height=0.05297482",66.93466240000001,33.9038848,Section2_49.png,2269.3450831364917,10980.67741605206
2,15,2025-01-23T14:27:43.356653,carryback,0.999969,"left=0.6181902, top=0.20664133, width=0.08397752, height=0.040515706",53.7456128,25.930051839999997,Section2_5.png,1393.6265260765674,12374.303942128627
2,16,2025-01-23T14:27:44.009510,carryback,0.9999552,"left=0.60127455, top=0.18527304, width=0.06922692, height=0.028785974",44.305228799999995,18.42302336,Section2_50.png,816.2362651525445,816.2362651525445
2,16,2025-01-23T14:27:44.010040,carryback,0.9999256,"left=0.5063319, top=0.08787707, width=0.07616186, height=0.024609357",48.7435904,15.749988479999999,Section2_50.png,767.7109872738386,1583.947252426383
2,16,2025-01-23T14:27:44.010275,carryback,0.9998634,"left=0.68728834, top=0.18692037, width=0.053940773, height=0.02477929",34.52209472,15.858745599999999,Section2_50.png,547.4771177435832,2131.424370169966
2,16,2025-01-23T14:27:44.010490,carryback,0.99962294,"left=0.62047124, top=0.026341446, width=0.046001613, height=0.015967138",29.441032319999998,10.218968319999998,Section2_50.png,300.856976586176,2432.2813467561423
2,16,2025-01-23T14:27:44.794154,carryback,0.99997604,"left=0.64894766, top=0.62322605, width=0.08266193, height=0.037111163",52.9036352,23.75114432,Section2_6.png,1256.521874687832,3688.8032214439745
2,16,2025-01-23T14:27:45.603207,carryback,0.99997604,"left=0.6512266, top=0.6470307, width=0.08675784, height=0.035539985",55.5250176,22.7455904,Section2_7.png,1262.9493072823911,4951.752528726365
2,17,2025-01-23T14:27:46.354731,carryback,0.9999765,"left=0.64459443, top=0.4624394, width=0.08769196, height=0.037091225",56.1228544,23.738384,Section2_8.png,1332.2658689232896,1332.2658689232896
2,17,2025-01-23T14:27:47.082244,carryback,0.99997663,"left=0.64712787, top=0.4827196, width=0.08566451, height=0.036614597",54.825286399999996,23.43334208,Section2_9.png,1284.7396908451715,2617.0055597684614
3,1,2025-01-23T14:27:47.668720,carryback,0.99932885,"left=0.55618376, top=0.91158247, width=0.04193276, height=0.021790206",26.8369664,13.94573184,Section3_1.png,374.2611368134902,374.2611368134902
3,1,2025-01-23T14:27:48.274056,carryback,0.9999386,"left=0.5361135, top=0.6703012, width=0.07888204, height=0.02453065",50.4845056,15.699616,Section3_10.png,792.5873518698496,1166.8484886833398
3,1,2025-01-23T14:27:49.104444,carryback,0.9997451,"left=0.5303166, top=0.9423306, width=0.08552486, height=0.02361697",54.735910399999995,15.1148608,Section3_11.png,827.3256664572723,1994.1741551406121
3,2,2025-01-23T14:27:49.657420,carryback,0.9998975,"left=0.5328453, top=0.9788451, width=0.07812351, height=0.02115488",49.9990464,13.5391232,Section3_12.png,676.9432490921165,676.9432490921165
3,2,2025-01-23T14:27:50.274346,carryback,0.9999224,"left=0.53040165, top=0.9494348, width=0.086084425, height=0.027488887",55.094032000000006,17.59288768,Section3_13.png,969.2631168143259,1646.2063659064424
3,2,2025-01-23T14:27:50.879220,carryback,0.9999558,"left=0.5363548, top=0.4590304, width=0.08063114, height=0.030007005",51.6039296,19.2044832,Section3_14.png,991.0267990571826,2637.2331649636253
3,3,2025-01-23T14:27:51.451619,carryback,0.9998299,"left=0.52895075, top=0.952301, width=0.08416104, height=0.027795732",53.863065600000006,17.78926848,Section3_15.png,958.1845351142524,958.1845351142524
3,3,2025-01-23T14:27:52.346450,carryback,0.9999033,"left=0.5328028, top=0.8731716, width=0.09612596, height=0.030292332",61.5206144,19.38709248,Section3_16.png,1192.7058407992197,2150.890375913472
3,3,2025-01-23T14:27:53.007858,carryback,0.99995005,"left=0.53150165, top=0.70039046, width=0.09123963, height=0.030601084",58.3933632,19.58469376,Section3_17.png,1143.6161358884538,3294.5065118019256
3,4,2025-01-23T14:27:53.858385,carryback,0.9999672,"left=0.5371053, top=0.45842078, width=0.09362763, height=0.031160504",59.921683200000004,19.94272256,Section3_18.png,1195.001503385813,1195.001503385813
3,4,2025-01-23T14:27:54.690104,carryback,0.99990594,"left=0.53454435, top=0.546038, width=0.04057175, height=0.027786016",25.965919999999997,17.78305024,Section3_19.png,461.7532598878208,1656.754763273634
3,4,2025-01-23T14:27:54.690689,carryback,0.99967504,"left=0.585123, top=0.5475918, width=0.039590895, height=0.021256208",25.338172800000002,13.60397312,Section3_19.png,344.69982168111517,2001.454584954749
3,4,2025-01-23T14:27:55.194528,carryback,0.99964106,"left=0.5595709, top=0.8113249, width=0.039732814, height=0.020896614",25.42900096,13.373832960000001,Section3_2.png,340.0832111787197,2341.537796133469
3,5,2025-01-23T14:27:55.695539,carryback,0.99967754,"left=0.52286696, top=0.92944306, width=0.04652196, height=0.02639085",29.7740544,16.890144,Section3_20.png,502.8880662798336,502.8880662798336
3,5,2025-01-23T14:27:55.696114,carryback,0.9992968,"left=0.57719296, top=0.9305205, width=0.041153252, height=0.022275567",26.33808128,14.25636288,Section3_20.png,375.4852442906149,878.3733105704484
3,5,2025-01-23T14:27:56.836554,carryback,0.9998841,"left=0.52101624, top=0.8193313, width=0.048396707, height=0.026497781",30.973892479999996,16.958579840000002,Section3_21.png,525.2732285776556,1403.646539148104
3,5,2025-01-23T14:27:56.837185,carryback,0.9996854,"left=0.58221954, top=0.820231, width=0.048104227, height=0.02239561",30.78670528,14.3331904,Section3_21.png,441.27170856692527,1844.9182477150293
3,5,2025-01-23T14:27:57.479819,carryback,0.9999217,"left=0.51899785, top=0.6628685, width=0.052794814, height=0.03256452",33.78868096,20.841292799999998,Section3_22.png,704.1997932131451,2549.118040928174
3,5,2025-01-23T14:27:57.480368,carryback,0.99982965,"left=0.58369493, top=0.6639699, width=0.05178523, height=0.026277006",33.1425472,16.817283839999998,Section3_22.png,557.3676234429972,3106.4856643711714
3,6,2025-01-23T14:27:58.087399,carryback,0.9999573,"left=0.5253621, top=0.4037849, width=0.05193019, height=0.033048242",33.2353216,21.15087488,Section3_23.png,702.9561287581614,702.9561287581614
3,6,2025-01-23T14:27:58.087961,carryback,0.9998783,"left=0.5908712, top=0.40529972, width=0.050049186, height=0.025748283",32.03147904,16.47890112,Section3_23.png,527.8435758275125,1230.799704585674
3,6,2025-01-23T14:27:58.846800,carryback,0.9998561,"left=0.50788903, top=0.92997056, width=0.056411922, height=0.0321846",36.10363008,20.598144,Section3_24.png,743.6677713105717,1974.4674758962456
3,6,2025-01-23T14:27:58.847292,carryback,0.9995733,"left=0.5749836, top=0.93180037, width=0.054525137, height=0.02564168",34.89608768,16.4106752,Section3_24.png,572.6683606672016,2547.135836563447
3,6,2025-01-23T14:27:59.633281,carryback,0.9996575,"left=0.55665493, top=0.008377679, width=0.053361833, height=0.019796386",34.151573119999995,12.66968704,Section3_25.png,432.68974335407626,2979.825579917523
3,7,2025-01-23T14:28:00.371886,carryback,0.9998808,"left=0.5012743, top=0.9434886, width=0.06358719, height=0.038517475",40.6958016,24.651184,Section3_26.png,1003.1996932690945,1003.1996932690945
3,7,2025-01-23T14:28:00.372438,carryback,0.9997882,"left=0.5767417, top=0.94621015, width=0.060141087, height=0.02832079",38.49029568,18.125305599999997,Section3_26.png,697.6483718343598,1700.8480651034542
3,7,2025-01-23T14:28:01.334806,carryback,0.9999405,"left=0.50519776, top=0.6489944, width=0.058849633, height=0.03965038",37.66376512,25.376243199999998,Section3_27.png,955.7648635127971,2656.6129286162513
3,7,2025-01-23T14:28:01.335358,carryback,0.9998611,"left=0.5769354, top=0.64976317, width=0.060334623, height=0.032315075",38.61415872,20.681648,Section3_27.png,798.6044384631705,3455.217367079422
3,7,2025-01-23T14:28:02.137212,carryback,0.9999448,"left=0.49723133, top=0.9062886, width=0.0678173, height=0.039412677",43.403071999999995,25.22411328,Section3_28.png,1094.804004827996,4550.021371907418
3,7,2025-01-23T14:28:02.137871,carryback,0.9998172,"left=0.5763987, top=0.9085868, width=0.060227513, height=0.027953982",38.54560832,17.89054848,Section3_28.png,689.6020743400513,5239.6234462474695
3,8,2025-01-23T14:28:02.833977,carryback,0.9999634,"left=0.48707363, top=0.8987342, width=0.080359906, height=0.045209944",51.430339839999995,28.93436416,Section3_29.png,1488.104181803116,1488.104181803116
3,8,2025-01-23T14:28:02.834722,carryback,0.99991906,"left=0.5817496, top=0.9007037, width=0.07563311, height=0.03316313",48.4051904,21.224403199999998,Section3_29.png,1027.371278022369,2515.475459825485
3,8,2025-01-23T14:28:03.692425,carryback,0.9998393,"left=0.5605881, top=0.18933268, width=0.03847325, height=0.022531882",24.622880000000002,14.42040448,Section3_3.png,355.0718890625024,2870.5473488879875
3,8,2025-01-23T14:28:04.282346,carryback,0.9999635,"left=0.5065315, top=0.47842023, width=0.07360947, height=0.04527375",47.1100608,28.9752,Section3_30.png,1365.02343369216,4235.570782580147
3,8,2025-01-23T14:28:04.282905,carryback,0.9999267,"left=0.59462094, top=0.48083305, width=0.075069666, height=0.035286427",48.044586239999994,22.583313280000002,Section3_30.png,1085.0059424658973,5320.576725046045
3,9,2025-01-23T14:28:05.197411,carryback,0.99996805,"left=0.50764126, top=0.3444967, width=0.07215333, height=0.047073424",46.1781312,30.12699136,Section3_31.png,1391.2081596833466,1391.2081596833466
3,9,2025-01-23T14:28:05.198020,carryback,0.9999423,"left=0.59490854, top=0.3479038, width=0.07402611, height=0.034540564",47.37671040000001,22.10596096,Section3_31.png,1047.3077105156262,2438.515870198973
3,9,2025-01-23T14:28:06.082528,carryback,0.9999602,"left=0.49125484, top=0.8936735, width=0.07898781, height=0.04474336",50.5521984,28.635750400000003,Section3_32.png,1447.6001355536796,3886.1160057526527
3,9,2025-01-23T14:28:06.083086,carryback,0.9999033,"left=0.5838949, top=0.8960469, width=0.07427031, height=0.032817125",47.532998400000004,21.00296,Section3_32.png,998.3336640752642,4884.449669827917
3,9,2025-01-23T14:28:06.953027,carryback,0.99997246,"left=0.48471358, top=0.74408114, width=0.08318803, height=0.04622358",53.240339199999994,29.5830912,Section3_33.png,1575.0138100725349,6459.4634799004525
3,9,2025-01-23T14:28:06.953580,carryback,0.99994254,"left=0.58856523, top=0.74575424, width=0.08447379, height=0.03538513",54.0632256,22.6464832,Section3_33.png,1224.3419302882098,7683.805410188663
3,10,2025-01-23T14:28:07.592726,carryback,0.99996936,"left=0.49348408, top=0.39353463, width=0.08357245, height=0.045495987",53.486368000000006,29.117431680000003,Section3_34.png,1557.3856660513386,1557.3856660513386
3,10,2025-01-23T14:28:07.593284,carryback,0.9999409,"left=0.5965517, top=0.39707106, width=0.087057054, height=0.034082353",55.71651455999999,21.812705920000003,Section3_34.png,1215.3279469846782,2772.713613036017
3,10,2025-01-23T14:28:08.235423,carryback,0.9999733,"left=0.4746872, top=0.8939244, width=0.08953348, height=0.04636258",57.3014272,29.6720512,Section3_35.png,1700.2508817114726,4472.96449474749
3,10,2025-01-23T14:28:08.235988,carryback,0.99994147,"left=0.58172745, top=0.8970018, width=0.08936113, height=0.034136653",57.1911232,21.847457920000004,Section3_35.png,1249.480657509536,5722.445152257026
3,10,2025-01-23T14:28:08.236227,carryback,0.99993193,"left=0.37579903, top=0.7469551, width=0.059218913, height=0.027539372",37.90010432,17.62519808,Section3_35.png,667.9968458926637,6390.44199814969
3,10,2025-01-23T14:28:09.094385,carryback,0.9999746,"left=0.48834306, top=0.5893872, width=0.08384907, height=0.046100855",53.663404799999995,29.5045472,Section3_36.png,1583.3144598343065,7973.756457983996
3,10,2025-01-23T14:28:09.094934,carryback,0.9999465,"left=0.4279949, top=0.4314861, width=0.060065687, height=0.02743873",38.44203968,17.5607872,Section3_36.png,675.0724783544362,8648.828936338432
3,10,2025-01-23T14:28:09.095174,carryback,0.9999367,"left=0.5893549, top=0.5920437, width=0.09026605, height=0.035115957",57.770272,22.474212480000002,Section3_36.png,1298.3413679553946,9947.170304293826
3,11,2025-01-23T14:28:09.685502,carryback,0.9999745,"left=0.487048, top=0.27288082, width=0.09087625, height=0.046286583",58.1608,29.62341312,Section3_37.png,1722.9214057896959,1722.9214057896959
3,11,2025-01-23T14:28:09.686051,carryback,0.9999502,"left=0.5954033, top=0.27601326, width=0.08826923, height=0.035565764",56.4923072,22.76208896,Section3_37.png,1285.8829220420484,3008.8043278317446
3,11,2025-01-23T14:28:09.686286,carryback,0.9996896,"left=0.4988279, top=0.12637192, width=0.048772782, height=0.015145808",31.214580480000002,9.69331712,Section3_37.png,302.57282736040185,3311.3771551921463
3,11,2025-01-23T14:28:10.638891,carryback,0.99995625,"left=0.4636807, top=0.93932945, width=0.08938739, height=0.047695935",57.2079296,30.5253984,Section3_38.png,1746.2948426791527,5057.671997871299
3,11,2025-01-23T14:28:10.639409,carryback,0.9999343,"left=0.3545626, top=0.8412285, width=0.069440216, height=0.0299837",44.44173824,19.189567999999998,Section3_38.png,852.8177579946802,5910.4897558659795
3,11,2025-01-23T14:28:10.639647,carryback,0.99990904,"left=0.56976676, top=0.9450487, width=0.09108025, height=0.034173846",58.29136,21.87126144,Section3_38.png,1274.9055742531584,7185.395330119138
3,11,2025-01-23T14:28:11.234999,carryback,0.9999795,"left=0.47029153, top=0.8411505, width=0.08818206, height=0.04675597",56.436518400000004,29.9238208,Section3_39.png,1688.7962631775029,8874.19159329664
3,11,2025-01-23T14:28:11.235744,carryback,0.9999535,"left=0.36957717, top=0.68060845, width=0.07219446, height=0.030229032",46.2044544,19.34658048,Section3_39.png,893.8981955840902,9768.08978888073
3,11,2025-01-23T14:28:11.236079,carryback,0.99994326,"left=0.5763892, top=0.84594, width=0.08685255, height=0.03415209",55.585632000000004,21.8573376,Section3_39.png,1214.9539243333634,10983.043713214094
3,12,2025-01-23T14:28:12.164840,carryback,0.99970824,"left=0.5568668, top=0.49926537, width=0.038843274, height=0.020539701",24.859695359999996,13.14540864,Section3_4.png,326.7908541731118,326.7908541731118
3,12,2025-01-23T14:28:12.868266,carryback,0.9999796,"left=0.47006822, top=0.8415096, width=0.08867204, height=0.045932114",56.7501056,29.39655296,Section3_40.png,1668.2574847559927,1995.0483389291044
3,12,2025-01-23T14:28:12.868832,carryback,0.9999695,"left=0.38520727, top=0.6334687, width=0.08192322, height=0.032456934",52.430860800000005,20.77243776,Section3_40.png,1089.116792671224,3084.165131600328
3,12,2025-01-23T14:28:12.869072,carryback,0.9999434,"left=0.5763782, top=0.84591186, width=0.08687675, height=0.034208655",55.60112,21.8935392,Section3_40.png,1217.305300283904,4301.470431884232
3,12,2025-01-23T14:28:13.460236,carryback,0.9999813,"left=0.47442326, top=0.67987204, width=0.08483592, height=0.04695207",54.2949888,30.0493248,Section3_41.png,1631.5277534635622,5932.998185347795
3,12,2025-01-23T14:28:13.460738,carryback,0.99997365,"left=0.40294316, top=0.5245998, width=0.08273712, height=0.03340423",52.9517568,21.3787072,Section3_41.png,1132.040104352809,7065.038289700604
3,12,2025-01-23T14:28:13.460996,carryback,0.99994123,"left=0.5758177, top=0.6834136, width=0.089444876, height=0.036458254",57.244720640000004,23.33328256,Section3_41.png,1335.7072417613842,8400.745531461987
3,13,2025-01-23T14:28:13.959326,carryback,0.99998057,"left=0.4848257, top=0.5008907, width=0.08371827, height=0.047150016",53.5796928,30.176010240000004,Section3_42.png,1616.8213585888543,1616.8213585888543
3,13,2025-01-23T14:28:13.959908,carryback,0.9999794,"left=0.4235917, top=0.37091476, width=0.08225325, height=0.03366798",52.64208,21.5475072,Section3_42.png,1134.3055978229759,2751.12695641183
3,13,2025-01-23T14:28:13.960187,carryback,0.99995196,"left=0.58549935, top=0.50352085, width=0.09130889, height=0.036783814",58.4376896,23.54164096,Section3_42.png,1375.719107095126,4126.846063506956
3,13,2025-01-23T14:28:14.674889,carryback,0.99997723,"left=0.46656227, top=0.918738, width=0.08828157, height=0.046233535",56.500204800000006,29.5894624,Section3_43.png,1671.8106855218996,5798.656749028855
3,13,2025-01-23T14:28:14.675439,carryback,0.9999572,"left=0.36281243, top=0.77405584, width=0.08095145, height=0.03232515",51.808927999999995,20.688095999999998,Section3_43.png,1071.8280761210879,6870.484825149943
3,13,2025-01-23T14:28:14.675702,carryback,0.9999541,"left=0.5739916, top=0.9227417, width=0.087462544, height=0.03389418",55.97602816,21.6922752,Section3_43.png,1214.2474074496697,8084.732232599613
3,13,2025-01-23T14:28:15.291011,carryback,0.9999776,"left=0.466468, top=0.91874576, width=0.08837929, height=0.04616058",56.5627456,29.5427712,Section3_44.png,1671.0202517046068,9755.75248430422
3,13,2025-01-23T14:28:15.291556,carryback,0.9999759,"left=0.34590173, top=0.7756306, width=0.10666311, height=0.03145945",68.2643904,20.134048,Section3_44.png,1374.438513004339,11130.190997308559
3,13,2025-01-23T14:28:15.291790,carryback,0.9999536,"left=0.57395905, top=0.9227339, width=0.0874874, height=0.033865213",55.991936,21.67373632,Section3_44.png,1213.5544569103156,12343.745454218873
3,14,2025-01-23T14:28:16.104248,carryback,0.9999833,"left=0.47595096, top=0.7231521, width=0.08238888, height=0.04631287",52.7288832,29.6402368,Section3_45.png,1562.8965842475418,1562.8965842475418
3,14,2025-01-23T14:28:16.104824,carryback,0.99997234,"left=0.37231922, top=0.56248987, width=0.1062471, height=0.034020305",67.998144,21.7729952,Section3_45.png,1480.5232629209088,3043.4198471684504
3,14,2025-01-23T14:28:16.105064,carryback,0.9999567,"left=0.5758839, top=0.7252483, width=0.08843464, height=0.036515057",56.5981696,23.369636479999997,Section3_45.png,1322.6786489853869,4366.098496153837
3,14,2025-01-23T14:28:16.850913,carryback,0.9999486,"left=0.50497526, top=0.19077776, width=0.06376189, height=0.033888087",40.8076096,21.68837568,Section3_46.png,885.0507676075745,5251.149263761412
3,14,2025-01-23T14:28:16.851441,carryback,0.9998692,"left=0.5847561, top=0.19187818, width=0.0666666, height=0.0279596",42.666624000000006,17.894144,Section3_46.png,763.4827138498562,6014.631977611268
3,14,2025-01-23T14:28:16.851688,carryback,0.9998596,"left=0.49882892, top=0.1016552, width=0.046387702, height=0.01853498",29.688129280000002,11.8623872,Section3_46.png,352.17208476301727,6366.804062374285
3,14,2025-01-23T14:28:17.673301,carryback,0.99978274,"left=0.5268353, top=0.06376283, width=0.04903108, height=0.024596497",31.3798912,15.741758079999999,Section3_47.png,493.97465584712086,6860.778718221406
3,14,2025-01-23T14:28:17.673869,carryback,0.9996816,"left=0.5890018, top=0.06481522, width=0.046177268, height=0.021193057",29.55345152,13.56355648,Section3_47.png,400.8499088704619,7261.628627091868
3,14,2025-01-23T14:28:17.674128,carryback,0.999629,"left=0.5195334, top=0.028084608, width=0.046687603, height=0.02131519",29.88006592,13.6417216,Section3_47.png,407.6155406702879,7669.244167762156
3,15,2025-01-23T14:28:18.602835,carryback,0.99997866,"left=0.3691657, top=0.67342377, width=0.123469085, height=0.040396094",79.0202144,25.85350016,Section3_48.png,2042.9491256336344,2042.9491256336344
3,15,2025-01-23T14:28:18.603372,carryback,0.9999589,"left=0.589536, top=0.9117824, width=0.11271185, height=0.042981744",72.135584,27.50831616,Section3_48.png,1984.3284510582373,4027.2775766918717
3,15,2025-01-23T14:28:18.603614,carryback,0.99995244,"left=0.45458874, top=0.9063898, width=0.11111894, height=0.060094595",71.1161216,38.460540800000004,Section3_48.png,2735.1644963345616,6762.442073026434
3,15,2025-01-23T14:28:19.483722,carryback,0.9999771,"left=0.3375825, top=0.80926186, width=0.12383875, height=0.039777696",79.2568,25.45772544,Section3_49.png,2017.697853652992,8780.139926679425
3,15,2025-01-23T14:28:19.484250,carryback,0.9999206,"left=0.45460686, top=0.9647938, width=0.09994176, height=0.035120845",63.9627264,22.4773408,Section3_49.png,1437.7119997899572,10217.851926469382
3,15,2025-01-23T14:28:19.484485,carryback,0.99974376,"left=0.5845896, top=0.967873, width=0.09485042, height=0.032127023",60.7042688,20.56129472,Section3_49.png,1248.1583615589007,11466.010288028283
3,15,2025-01-23T14:28:20.273260,carryback,0.9996276,"left=0.548537, top=0.9555624, width=0.059713066, height=0.021713734",38.21636224,13.896789759999999,Section3_5.png,531.0847514412826,11997.095039469565
3,16,2025-01-23T14:28:21.281393,carryback,0.9999709,"left=0.4191542, top=0.3667053, width=0.1066356, height=0.027774483",68.24678399999999,17.77566912,Section3_50.png,1213.1322508881099,1213.1322508881099
3,16,2025-01-23T14:28:21.281926,carryback,0.99996984,"left=0.46560633, top=0.5656781, width=0.10844135, height=0.059986353",69.40246400000001,38.39126592,Section3_50.png,2664.4484509272274,3877.5807018153373
3,16,2025-01-23T14:28:21.282209,carryback,0.9999393,"left=0.5951467, top=0.57088274, width=0.11712873, height=0.043235898",74.9623872,27.67097472,Section3_50.png,2074.2823211620516,5951.863022977389
3,16,2025-01-23T14:28:22.269513,carryback,0.999877,"left=0.5527346, top=0.45088738, width=0.055684984, height=0.021773458",35.63838976,13.935013119999999,Section3_6.png,496.62142888127363,6448.484451858662
3,16,2025-01-23T14:28:23.190077,carryback,0.99991333,"left=0.5489194, top=0.69080275, width=0.05545163, height=0.022289276",35.4890432,14.26513664,Section3_7.png,506.2560504708628,6954.740502329525
3,17,2025-01-23T14:28:23.875458,carryback,0.9998437,"left=0.5325906, top=0.8134325, width=0.080087006, height=0.02402103",51.25568384,15.3734592,Section3_8.png,787.9771642823393,787.9771642823393
3,17,2025-01-23T14:28:24.643346,carryback,0.99991775,"left=0.53716487, top=0.6721622, width=0.07794571, height=0.022897482",49.8852544,14.65438848,Section3_9.png,731.0378974012293,1519.0150616835685
